[
  {
    "id": 101,
    "name": "Chinese New Year Festival",
    "type": "cultural event",
    "category": "festival",
    "address": "Federation Square, Melbourne VIC 3000",
    "coordinates": { "lat": -37.8179, "lng": 144.969 },
    "ethnicTags": ["Chinese", "Asian"],
    "date": "2025-01-25",
    "time": "10:00 AM - 8:00 PM",
    "price": "Free",
    "rating": 4.8,
    "description": "Celebrate Chinese New Year with traditional performances, food stalls, and cultural activities.",
    "image": "https://encrypted-tbn0.gstatic.com/images?q=tbn:ANd9GcSn_PPzmxvFRpN_2QTghlhquE92PQGu0kT2Yg&s"
  },
  {
    "id": 102,
    "name": "Vietnamese Food Festival",
    "type": "food event",
    "category": "festival",
    "address": "Victoria Street, Richmond VIC 3121",
    "coordinates": { "lat": -37.8226, "lng": 144.9958 },
    "ethnicTags": ["Vietnamese", "Asian"],
    "date": "2025-02-15",
    "time": "12:00 PM - 9:00 PM",
    "price": "$10 entry",
    "rating": 4.6,
    "description": "Experience authentic Vietnamese cuisine with food stalls, cooking demonstrations, and live music.",
    "image": "https://encrypted-tbn0.gstatic.com/images?q=tbn:ANd9GcR2Lq8wRI_VM5A1g_HsuXlL5DFxVhE2jqwTGg&s"
  },
  {
    "id": 103,
    "name": "Korean Cultural Workshop",
    "type": "workshop",
    "category": "educational",
    "address": "200 Spencer Street, Melbourne VIC 3000",
    "coordinates": { "lat": -37.8183, "lng": 144.9648 },
    "ethnicTags": ["Korean", "Asian"],
    "date": "2025-03-01",
    "time": "2:00 PM - 5:00 PM",
    "price": "$25 per person",
    "rating": 4.7,
    "description": "Learn traditional Korean arts including calligraphy, paper folding, and traditional music.",
    "image": "https://encrypted-tbn0.gstatic.com/images?q=tbn:ANd9GcTDipAQAKnHZ4-d3D3pCxEsaU0FGHfPf5vGcw&s"
  },
  {
    "id": 104,
    "name": "Indonesian Market Day",
    "type": "cultural event",
    "category": "market",
    "address": "Carlton Gardens, Carlton VIC 3053",
    "coordinates": { "lat": -37.8014, "lng": 144.9658 },
    "ethnicTags": ["Indonesian", "Asian"],
    "date": "2025-03-10",
    "time": "9:00 AM - 4:00 PM",
    "price": "Free entry",
    "rating": 4.4,
    "description": "Discover Indonesian culture through traditional crafts, spices, textiles, and authentic food.",
    "image": "https://encrypted-tbn0.gstatic.com/images?q=tbn:ANd9GcRwIRaoed0MLT-T3m9krO-eDhlmfV9V2RRsiQ&s"
  },
  {
    "id": 105,
    "name": "Thai Cooking Class",
    "type": "workshop",
    "category": "educational",
    "address": "145 Collins Street, Melbourne VIC 3000",
    "coordinates": { "lat": -37.8136, "lng": 144.9631 },
    "ethnicTags": ["Thai", "Asian"],
    "date": "2025-03-20",
    "time": "6:00 PM - 9:00 PM",
    "price": "$75 per person",
    "rating": 4.9,
    "description": "Learn to cook authentic Thai dishes with a professional chef in this hands-on cooking class.",
    "image": "https://res.klook.com/images/fl_lossy.progressive,q_65/c_fill,w_3000,h_2000/w_80,x_15,y_15,g_south_west,l_Klook_water_br_trans_yhcmh3/activities/xmwwncqy1bityhs7kulv/ThaiAkhaKitchenCookingClassLocalMarketTourinChiangMai,Thailand-KlookAustralia.jpg"
  },
  {
    "id": 106,
    "name": "Japanese Cherry Blossom Festival",
    "type": "cultural event",
    "category": "festival",
    "address": "Royal Botanic Gardens, Melbourne VIC 3004",
    "coordinates": { "lat": -37.8304, "lng": 144.9803 },
    "ethnicTags": ["Japanese", "Asian"],
    "date": "2025-04-05",
    "time": "10:00 AM - 6:00 PM",
    "price": "Free",
    "rating": 4.8,
    "description": "Celebrate the beauty of cherry blossoms with traditional Japanese performances and tea ceremonies.",
    "image": "https://res.cloudinary.com/enchanting/f_auto,q_70,w_900,h_490,c_fill/et-web/2019/03/Himeji-Castle.jpg"
  },
  {
    "id": 107,
    "name": "Filipino Heritage Month Celebration",
    "type": "cultural event",
    "category": "festival",
    "address": "Southbank Promenade, Melbourne VIC 3006",
    "coordinates": { "lat": -37.8263, "lng": 144.9642 },
    "ethnicTags": ["Filipino", "Asian"],
    "date": "2025-02-28",
    "time": "11:00 AM - 7:00 PM",
    "price": "Free",
    "rating": 4.5,
    "description": "Celebrate Filipino culture with traditional dances, music, and authentic Filipino street food.",
    "image": "https://encrypted-tbn0.gstatic.com/images?q=tbn:ANd9GcRKQVzP_WOhjvGvKs_1_3iVKJtP9oVHsHVn8g&s"
  },
  {
    "id": 108,
    "name": "Indian Holi Festival",
    "type": "cultural event",
    "category": "festival",
    "address": "Flagstaff Gardens, Melbourne VIC 3000",
    "coordinates": { "lat": -37.8109, "lng": 144.9544 },
    "ethnicTags": ["Indian", "Asian"],
    "date": "2025-03-14",
    "time": "12:00 PM - 6:00 PM",
    "price": "$15 per person",
    "rating": 4.7,
    "description": "Join the festival of colors with traditional Holi celebrations, color throwing, and Indian cuisine.",
    "image": "https://encrypted-tbn0.gstatic.com/images?q=tbn:ANd9GcS7XqJzKLNZwX8VtFqGVrVJ5mH_EKxZ2sKGJQ&s"
  },
  {
    "id": 109,
    "name": "Malaysian Food and Culture Fair",
    "type": "cultural event",
    "category": "festival",
    "address": "Alexandra Gardens, Melbourne VIC 3004",
    "coordinates": { "lat": -37.8297, "lng": 144.9733 },
    "ethnicTags": ["Malaysian", "Asian"],
    "date": "2025-04-12",
    "time": "10:00 AM - 8:00 PM",
    "price": "$8 entry",
    "rating": 4.6,
    "description": "Experience Malaysian diversity with food from different states, cultural performances, and traditional crafts.",
    "image": "https://encrypted-tbn0.gstatic.com/images?q=tbn:ANd9GcRmKHvAJXyZaQVgZWvJHzKK8FYfwOJ4R2SgCA&s"
  },
  {
    "id": 110,
    "name": "Cambodian New Year Festival",
    "type": "cultural event",
    "category": "festival",
    "address": "Sunshine Recreation Reserve, Sunshine VIC 3020",
    "coordinates": { "lat": -37.7833, "lng": 144.8333 },
    "ethnicTags": ["Cambodian", "Asian"],
    "date": "2025-04-13",
    "time": "9:00 AM - 5:00 PM",
    "price": "Free",
    "rating": 4.4,
    "description": "Celebrate Cambodian New Year with traditional Apsara dancing, temple blessings, and Khmer cuisine.",
    "image": "https://encrypted-tbn0.gstatic.com/images?q=tbn:ANd9GcTxQVzP8VhfGjK_wZQ1PjRDY7q4zLXK5mNRww&s"
  },
  {
    "id": 111,
    "name": "Sri Lankan Cultural Workshop",
    "type": "workshop",
    "category": "educational",
    "address": "Box Hill Community Centre, Box Hill VIC 3128",
    "coordinates": { "lat": -37.8164, "lng": 145.1244 },
    "ethnicTags": ["Sri Lankan", "Asian"],
    "date": "2025-05-18",
    "time": "1:00 PM - 4:00 PM",
    "price": "$20 per person",
    "rating": 4.3,
    "description": "Learn about Sri Lankan traditions including batik making, traditional drumming, and spice knowledge.",
    "image": "https://encrypted-tbn0.gstatic.com/images?q=tbn:ANd9GcQvJzK7wUKzMxOFjKdGp3KN8LMrY4HyVgZBpA&s"
  },
  {
    "id": 112,
    "name": "Bangladeshi Independence Day Celebration",
    "type": "cultural event",
    "category": "festival",
    "address": "Dandenong Park, Dandenong VIC 3175",
    "coordinates": { "lat": -37.9871, "lng": 145.2169 },
    "ethnicTags": ["Bangladeshi", "Asian"],
    "date": "2025-03-26",
    "time": "11:00 AM - 6:00 PM",
    "price": "Free",
    "rating": 4.2,
    "description": "Commemorate Bangladesh Independence Day with cultural performances, traditional food, and community activities.",
    "image": "https://encrypted-tbn0.gstatic.com/images?q=tbn:ANd9GcRtKZ8FJyX7QVkMNdZzGjKwL2q4rKVhYWZtxA&s"
  },
  {
    "id": 113,
    "name": "Pacific Islander Cultural Night",
    "type": "cultural event",
    "category": "festival",
    "address": "St Kilda Foreshore, St Kilda VIC 3182",
    "coordinates": { "lat": -37.8675, "lng": 144.9694 },
    "ethnicTags": ["Pacific Islander", "Polynesian"],
    "date": "2025-06-21",
    "time": "5:00 PM - 10:00 PM",
    "price": "$12 per person",
    "rating": 4.8,
    "description": "Experience Pacific Islander culture with traditional fire dancing, island music, and authentic Pacific cuisine.",
    "image": "https://encrypted-tbn0.gstatic.com/images?q=tbn:ANd9GcSKLxY8VKqZ7QjGpFhMrX4N2KzqwYjKlMnGpQ&s"
  },
  {
    "id": 114,
    "name": "Nepalese Festival of Lights",
    "type": "cultural event",
    "category": "festival",
    "address": "Preston City Oval, Preston VIC 3072",
    "coordinates": { "lat": -37.75, "lng": 145.0167 },
    "ethnicTags": ["Nepalese", "Asian"],
    "date": "2025-07-15",
    "time": "4:00 PM - 9:00 PM",
    "price": "$5 donation",
    "rating": 4.5,
    "description": "Celebrate Nepalese traditions with traditional dances, mountain cuisine, and beautiful lantern displays.",
    "image": "https://encrypted-tbn0.gstatic.com/images?q=tbn:ANd9GcRgH7wXzJ8KqYNpFhMrV5L2N6Y8xWqZKjMpTQ&s"
  },
  {
    "id": 115,
    "name": "Multicultural Health and Wellness Expo",
    "type": "workshop",
    "category": "educational",
    "address": "Melbourne Convention Centre, South Wharf VIC 3006",
    "coordinates": { "lat": -37.8276, "lng": 144.9537 },
    "ethnicTags": ["Multicultural", "All Communities"],
    "date": "2025-08-22",
    "time": "9:00 AM - 5:00 PM",
    "price": "Free",
    "rating": 4.6,
    "description": "Learn about health and wellness practices from different cultures, with free health screenings and workshops.",
    "image": "https://encrypted-tbn0.gstatic.com/images?q=tbn:ANd9GcTKNxY7VwGzLjHpQrZ8FhMnX5L2KwVyYgZqJA&s"
  }
]
